#"Step","Potential Energy (kJ/mole)","Total Energy (kJ/mole)","Temperature (K)","Speed (ns/day)"
250,-69011.03975943942,-56088.73620012449,307.0319797818663,0
500,-68161.06149785616,-55279.99996463931,306.05207547417194,605
750,-68036.3930932844,-55390.30699905516,300.4690945527497,723
1000,-67975.08314171102,-55392.76754974754,298.9539170557603,774
1250,-67663.71790478652,-54939.94304399233,302.3149679061934,803
1500,-67622.93531749654,-55038.83050463395,298.9964286739404,820
1750,-68081.09822525247,-55105.49291152111,308.29842141196775,835
2000,-68092.65701489837,-55333.53719062009,303.15475889732954,843
2250,-68030.65710119542,-55164.236089636805,305.7042188920127,854
2500,-67869.43442965561,-55442.77442645753,295.25556378899296,857
2750,-67822.29202951124,-55142.41993114917,301.27184490528623,864
3000,-68166.52149738744,-55516.61092319386,300.5599636187563,867
3250,-67980.58739015413,-55648.66564076999,293.0045971949911,870
3500,-67665.13801545312,-54964.75490142126,301.7591835380251,876
3750,-68041.2649783846,-55350.17626281199,301.5383500351803,882
4000,-67797.21933054051,-55324.72058104316,296.3446854740224,887
4250,-68045.3319269509,-55464.80636810762,298.9113861393299,889
4500,-68017.47117935802,-55214.730682926194,304.1911794758466,891
4750,-68094.50374547887,-55513.86349027563,298.9141113075099,892
5000,-67945.04873564927,-55353.756652757234,299.16719712371713,891
5250,-67796.96181476046,-55199.65772483661,299.3100415022732,892
5500,-68218.14526525774,-55374.496204674535,305.1631607780795,893
5750,-68014.32162724179,-55299.32345633651,302.1064350807452,891
6000,-67893.66418538231,-54954.997823332495,307.42075750213985,892
6250,-68164.85924828041,-55176.390493494924,308.60405482752145,893
6500,-67975.64835603809,-55360.673897567205,299.7298867886469,893
6750,-67860.78714032087,-54891.69800396811,308.14359802216137,896
7000,-67627.97955821146,-55119.62513420376,297.1966108819651,898
7250,-67661.38835606503,-55155.55946685339,297.1366045568634,900
7500,-67937.23119015433,-55107.08795136935,304.8422644931209,903
7750,-67481.77985636523,-54914.65420903551,298.59300626673036,905
8000,-67666.72656756331,-54855.49099370354,304.3930212317788,905
8250,-67380.70460494224,-54797.047483141476,298.98579160196545,906
8500,-67765.68629850849,-55505.24217793043,291.30629953608604,908
8750,-67943.3450612991,-55202.95045303734,302.7098505944866,909
9000,-67851.18831537897,-55039.45750790881,304.40478790752314,910
9250,-67805.9604373799,-55245.74926703016,298.4287193385849,911
9500,-67801.01722914731,-55126.27687590121,301.1499154168278,911
9750,-67909.71960805467,-55083.96113897039,304.7380830276481,912
10000,-68212.08018207096,-55629.10548277211,298.96957734644616,889
10250,-67825.20617562602,-55335.34673219174,296.75717293845764,880
10500,-67819.00726766471,-55138.684764162,301.2825464633637,881
10750,-67772.45111169381,-55012.705388361064,303.16963016427917,882
11000,-67679.58662786562,-54796.87655255472,306.09124458520273,882
11250,-67969.12995037629,-55214.68391930853,303.0437102769397,881
11500,-67898.35546480672,-55400.86327897705,296.9385257443305,883
11750,-67522.30222470383,-54898.89030031185,299.93035970388274,884
12000,-67923.5253062264,-55082.516085396695,305.1004385844624,886
12250,-67840.66440789722,-54936.53035773238,306.60027499019276,886
12500,-67907.35654970433,-55504.32683806692,294.69411163246446,887
12750,-67752.5310851052,-54912.306878055504,305.08178677567906,888
13000,-68171.4699369414,-55587.238919370226,298.9994272787448,889
13250,-67879.21846808534,-55070.494701203366,304.3333410775646,890
13500,-68192.16820317676,-55167.97639086918,309.4528292758637,891
13750,-68101.00129378418,-55161.64755294676,307.43708951825846,891
14000,-68162.24265303777,-55581.88750646019,298.9073371696493,892
14250,-67840.04655415862,-55106.93240172969,302.5368680641035,893
14500,-67846.18255192129,-54980.58428515395,305.6846706001031,894
14750,-67730.20926985494,-54889.71764289145,305.0881406324187,895
15000,-67875.98479470407,-55102.059444190294,303.50653596330926,896
15250,-67928.96274081484,-54970.44943192584,307.89231795981595,897
15500,-67866.62934453896,-54726.90907692554,312.19776791554807,898
15750,-67995.72443044453,-55510.69997134118,296.6422944414061,898
16000,-67510.48445902357,-55317.24008042732,289.7096438216618,899
16250,-67776.92328739719,-55168.60150883108,299.57182011944656,900
16500,-67564.33248145331,-55156.680079922895,294.80394604575247,901
16750,-67965.14928836905,-55264.76805373508,301.7591388838151,902
17000,-67794.15615273989,-54991.69298570207,304.18459017135416,903
17250,-67916.14143198536,-55114.67486455565,304.16091111526947,903
17500,-67907.93164668331,-55080.31872949755,304.78214443429965,904
17750,-67686.76943187037,-54681.50555732002,309.0031043350965,905
18000,-67959.92023616703,-55485.443949987646,296.3916714467471,906
18250,-67992.62645646435,-55376.75620345975,299.75117073139774,905
18500,-67690.04312840884,-54999.61588253931,301.52263361499496,906
18750,-67543.32277469028,-55173.10442192777,293.9145187039706,906
19000,-67554.36321937799,-54675.764752534626,305.9935533893506,907
19250,-68271.98414853547,-55142.74244460167,311.9487988260158,907
19500,-68006.0427866794,-55116.567934899766,306.2519746518233,907
19750,-68088.03812604124,-55135.98911273491,307.73872727364056,907
20000,-68028.70666731516,-55216.3265647401,304.42021506109563,904
20250,-68099.7977866772,-55083.56235750619,309.26378681488836,899
20500,-68125.26612030511,-55557.529047504126,298.6075336435303,899
20750,-67757.09926732862,-55451.79567278526,292.3721538584458,899
21000,-68060.26561709249,-55441.51307666849,299.81965344491834,899
21250,-67729.24532292114,-55225.62292871816,297.0841785688978,899
21500,-68138.84670976497,-55482.78775226249,300.7060482770469,899
21750,-68240.91786236648,-55654.68375004141,299.04702050739434,898
22000,-68284.67566786963,-55744.886841848725,297.94348752350743,899
22250,-68170.36921017966,-55513.78843907616,300.718446489352,899
22500,-68410.31267057708,-55755.47225439781,300.67709591935056,899
22750,-68203.05852133891,-55475.071476541634,302.41504876157165,899
23000,-68415.58402630198,-55624.49096145021,303.91443826163623,899
23250,-68389.22806567576,-55582.66655739694,304.28196613990923,899
23500,-68104.34586356155,-55435.78554965876,301.0030786159435,899
23750,-67873.26837971964,-55312.37513853301,298.44492523859657,899
24000,-67791.5872423597,-54964.24698286218,304.7756661288304,899
24250,-68049.45306235127,-55507.889676606224,297.9856507943859,899
24500,-67718.58639132424,-55018.58776462084,301.7500481772035,899
24750,-67900.48166963551,-55432.62818023423,296.23431479612054,900
25000,-67923.97574557905,-55468.86029683758,295.9316608749856,900
25250,-68034.93816773972,-55340.26742642309,301.6234584255512,901
25500,-67646.7505573511,-54962.125584298454,301.3847724896913,901
25750,-68111.36452997575,-55138.566457845795,308.2317217757419,902
26000,-68116.64199562947,-55374.149028884654,302.75970727494513,902
26250,-68019.72080894734,-55502.84262432286,297.39913414612954,903
26500,-68082.10339233506,-55245.08313998481,305.00566129619403,903
26750,-67886.3790438968,-55270.93083758827,299.74114296567785,903
27000,-67878.46701962024,-55196.05621719349,301.33216413022006,904
27250,-67985.74676574586,-55191.47074474578,303.9900648187196,904
27500,-67855.8068110288,-54972.638402439945,306.1021345146248,905
27750,-67794.22803258029,-55010.33989193983,303.7432503511663,905
28000,-67883.63157383387,-55052.67627051228,304.8615590237936,906
28250,-67775.95622128883,-55291.90303459746,296.6192171556736,906
28500,-67715.65542661824,-54879.01683997171,304.99659297675,906
28750,-67972.02140170196,-55359.238819019054,299.67780815115566,906
29000,-67556.11980461609,-54966.22890649689,299.13390518525813,907
29250,-67609.23536766053,-54774.64999863086,304.94780883645063,907
29500,-67999.4499595064,-54967.60513091262,309.63466378631847,907
29750,-68290.96380870679,-55734.957905706775,298.32880282184544,907
30000,-67947.5691448496,-55395.79425940238,298.2282744841726,906
30250,-68164.47641910083,-55324.47822358302,305.0764167758356,903
30500,-67823.49711058702,-55416.20503071969,294.7953848574884,903
30750,-68023.75319697813,-55381.802037107176,300.37084913725823,903
31000,-67809.16027519223,-55300.054913745495,297.2144530420368,903
31250,-67777.32695559354,-55398.62659441342,294.1160499421921,903
31500,-67736.8419557779,-55009.67257000477,302.39562130672056,903
31750,-68059.5781755211,-55345.059128076886,302.0950511797144,903
32000,-68079.48807688383,-55457.121741087176,299.9055166768646,904
32250,-67809.62869120663,-55055.43021667021,303.03782837116535,904
32500,-68183.52379039046,-55281.750224134186,306.544190249236,904
32750,-67868.05568056396,-55197.757653738896,301.0443664123777,903
33000,-67511.12825180759,-55048.541680321854,296.10917362237103,903
33250,-68025.38666562189,-55335.2447928848,301.51585319249307,904
33500,-67762.41952095903,-55211.524576179334,298.20736722688633,903
33750,-67641.42161133833,-55069.9362632907,298.69659209696033,903
34000,-68234.02893070359,-55585.86707935663,300.5184142281834,903
34250,-68127.47751628241,-55176.62571199151,307.71028176835324,903
34500,-67932.791098268,-55172.27324512624,303.18797585185905,903
34750,-68047.80840097216,-55365.47427815327,301.3303422343251,903
35000,-68065.22249543946,-55370.379888828844,301.6275419189645,903
35250,-68182.54742192553,-55356.423728203226,304.74676070985566,903
35500,-68193.38336096238,-55372.44148211228,304.62364157155577,904
35750,-67773.35246843728,-55060.569955664454,302.053791378343,904
36000,-67755.10923964175,-55234.99658400117,297.4759846886866,904
36250,-67840.32811357279,-54839.1903906645,308.9050675956152,903
36500,-68016.2922566947,-55016.80939066311,308.86574844630275,903
36750,-67848.73112022923,-55188.066199482884,300.81548526767915,904
37000,-67895.16343493573,-55500.05034829481,294.50601381888913,904
37250,-68073.36316011316,-55487.52255708777,299.03767078590045,904
37500,-68043.31415949366,-55234.67814599187,304.33125607051255,904
37750,-67976.31416832487,-55178.692009009595,304.0695685594281,904
38000,-68230.0360320558,-55598.07216169516,300.1335526477483,904
38250,-67786.56138181721,-55042.4450786364,302.7982775033496,903
38500,-67840.19565710792,-54894.65519815212,307.58408500582914,903
38750,-67855.67527142481,-55282.09675510961,298.7463254586833,903
39000,-67774.21154067724,-54877.08562646306,306.4337627390578,903
39250,-67829.49346810346,-54999.59185367508,304.83652353492187,903
39500,-67506.96793197002,-54952.34975263663,298.2958307172361,902
39750,-67771.73269965057,-55119.137767763226,300.62374355190656,902
40000,-67781.64202622214,-54997.49141908885,303.7494865153726,900
40250,-68050.95417403406,-55257.12567490875,303.9794317666035,898
40500,-67870.89978094143,-55286.36991394719,299.0065278958755,898
40750,-67958.72834228032,-55320.533952436235,300.28158884913387,898
41000,-67699.29630567494,-54724.94292615063,308.26867564439766,898
41250,-67883.4110056751,-54876.60418385896,309.03976452896507,898
41500,-67779.26896966685,-55035.73571674636,302.78442431727353,898
41750,-68016.85018879728,-55226.705897763895,303.8918955390879,898
42000,-68038.38648464758,-55538.69685535302,296.9907366689838,898
42250,-68062.59667047701,-55529.887657931366,297.7752722252198,898
42500,-68358.1388996995,-55447.167626874696,306.76272636736877,898
42750,-68066.28304452565,-55565.8710419999,297.00790014779375,898
43000,-67648.3470214521,-55146.87655543763,297.03304908033294,898
43250,-68044.9197355744,-55524.928457639064,297.4731007727522,898
43500,-68239.33590494964,-55908.82212284516,292.97114410519487,898
43750,-67853.65756796295,-55556.58855394734,292.1765014694963,897
44000,-68187.96681068512,-55393.177394293365,304.0022630156425,897
44250,-67731.26338234771,-55201.49082397338,297.7055025178592,897
44500,-68177.46369828976,-55547.46269644186,300.0869151885099,897
44750,-67989.46521989297,-55128.09083238401,305.5843118672265,897
45000,-68097.05832272052,-55373.496000731364,302.3099180163042,897
45250,-67503.77768374316,-54722.378375813016,303.6841160620757,897
45500,-67737.69849109591,-54679.612357377424,310.2581532305587,897
45750,-67746.47508794576,-54652.762523971905,311.10463182964554,897
46000,-67832.16952270572,-54979.23750017141,305.3837225512188,897
46250,-67946.73777487362,-55203.08798058983,302.7871933224541,897
46500,-68357.48047457839,-55635.666759634565,302.2683713771524,897
46750,-68159.60283261508,-55778.08530499105,294.1829853911761,897
47000,-67827.74413241213,-55348.79992820788,296.49782850383684,897
47250,-68148.06990295177,-55778.116320637695,293.90822779812714,897
47500,-68251.04693066812,-55587.329803116794,300.8880052401232,897
47750,-68242.7438967874,-55469.85196306172,303.4819821365916,897
48000,-67740.48192508891,-55364.087709055515,294.0612562820051,897
48250,-68106.7575347969,-55470.66944700101,300.231543430768,896
48500,-67864.61407364608,-55120.60846809449,302.79564734440766,896
48750,-67790.23589709587,-55214.133556420915,298.8062911440768,896
49000,-68221.51415223826,-55517.612786186044,301.8427766743589,896
49250,-68241.96417500835,-55341.1527770214,306.5213292765574,896
49500,-68083.41033447295,-55145.116579173075,307.4119044220688,896
49750,-67861.22952857887,-55367.217338373404,296.85584157418793,896
50000,-68089.426298848,-55315.018841388985,303.51799075147346,894
50250,-67951.45249376365,-55262.88653164834,301.47840979426724,892
50500,-67743.33895490592,-55316.322855743754,295.2640245752874,892
50750,-67930.25439946272,-54893.959426814574,309.74039853655523,892
51000,-67655.64144685393,-55008.62010219734,300.49131596157093,892
51250,-67851.91759997403,-55201.25020890572,300.57794547333145,892
51500,-67733.78926565993,-55250.3940697143,296.6035833949889,892
51750,-67626.01310798636,-54910.01290107489,302.130243304827,892
52000,-67645.31615980208,-54623.27970970591,309.40161819543397,892
52250,-67844.6241486533,-55172.36069371231,301.0910646874011,892
52500,-67741.8447821886,-55059.18592589168,301.3380578526899,892
52750,-67849.25977631932,-55032.21476911468,304.53105249014527,892
53000,-67839.12990363542,-54934.059608105046,306.6225200385947,891
53250,-68044.43911117152,-55292.75919900206,302.9779877099256,891
53500,-67645.43591271446,-54726.816438710084,306.94444647161765,891
53750,-67875.66643553221,-55258.05734106054,299.7924853418858,891
54000,-67800.73723573412,-55254.94896700326,298.0860333756747,891
54250,-67829.262439908,-55066.001833313145,303.25314325942605,891
54500,-67964.95568649279,-55513.303536181746,295.8493734276438,891
54750,-68260.39745598641,-55278.002087736095,308.45975208124156,891
55000,-67896.53831860231,-54869.413227731304,309.52252353126084,891
55250,-67985.82084722258,-55109.139178413316,305.9480105577222,891
55500,-67645.0403858383,-54883.69331815437,303.20767786407214,891
55750,-67682.37364462961,-55219.10850085993,296.1252963972933,891
56000,-68013.37709761597,-55627.805453782436,294.2793105796656,891
56250,-67877.14440062566,-54998.42529951414,305.996419641332,891
56500,-67397.60783928569,-54417.48345344077,308.40579388247454,890
56750,-67627.90720779146,-54884.81545336149,302.77393437985705,890
57000,-68036.68965607125,-55631.19511490909,294.7526756094933,890
57250,-68010.46117573103,-55399.15624132042,299.64269945150454,891
57500,-68371.49349042494,-55752.836825825274,299.81737544982064,890
57750,-68491.89386151114,-55935.78796959395,298.33117854340753,890
58000,-68534.01943358581,-55681.88943887039,305.36466649144245,890
58250,-68017.58824541123,-55434.26818978024,298.97778296070834,890
58500,-68369.34984616935,-55680.90035415953,301.4756424821616,890
58750,-68093.40694014262,-55248.85161371296,305.1846935176385,891
59000,-68099.83785682434,-55329.172776377585,303.4290724392009,891
59250,-68121.65368179075,-55371.781290030165,302.93504129815875,891
59500,-68302.10356452246,-55612.955165492545,301.49224840734195,891
59750,-67850.01151666953,-55127.24911788083,302.2909119619439,891
60000,-67517.0553470634,-55207.92921837984,292.4629766919648,890
60250,-68049.25778355188,-55217.61656361277,304.8778562989716,889
60500,-67820.8012499059,-55035.58011011401,303.7749222095647,889
60750,-67815.13337067125,-55143.35887545679,301.0794470781892,889
61000,-67646.7475470262,-54818.88823902648,304.78799864280535,889
61250,-67061.58946220449,-54810.072827361175,291.0941838241286,889
61500,-67790.93123470375,-54997.30308908166,303.97467139764376,889
61750,-67963.79717036424,-55316.301741745265,300.5025801248747,889
62000,-67889.06756790489,-55495.28886657901,294.47430902545284,890
62250,-67950.3164776552,-55209.426153802895,302.7216287220066,890
62500,-68027.25200581877,-55320.57039190724,301.9088349433517,890
62750,-68238.18116534111,-55687.16043865919,298.2103557858754,890
63000,-68032.8238509713,-55087.417557827896,307.5808972464013,890
63250,-67889.05630010564,-55200.48046255496,301.4786444331195,890
63500,-67727.94520458078,-55169.58888036886,298.38464847465053,890
63750,-67873.32955822488,-55170.35067138204,301.820858707747,890
64000,-68056.58854681748,-55251.31678310811,304.25132200384206,890
64250,-67779.00745898171,-55180.317013119,299.3429811098776,890
64500,-68081.87757449475,-55563.13971170009,297.44331981842294,891
64750,-68482.10658083513,-55612.99463776051,305.76815501818584,891
65000,-68081.51065805688,-55776.83251412067,292.35729324653636,891
65250,-67962.16865472647,-55268.33785096451,301.6035016361815,891
65500,-68184.48439746472,-55637.0963347776,298.12404423831856,891
65750,-68427.33637344529,-55725.83239066362,301.78581521013734,891
66000,-67971.96240435069,-55391.03323079407,298.92097596392574,891
66250,-67719.09836704872,-54947.359018229705,303.45459689338503,891
66500,-67571.3956980303,-54585.65379147377,308.53926532567635,891
66750,-67549.36374220485,-54948.40945771721,299.3967695735001,891
67000,-67873.29109518864,-55265.58701793739,299.5571436295511,891
67250,-67762.10790566658,-55071.469910247135,301.5276409924528,891
67500,-67764.81304712768,-55078.83847785686,301.4168386918874,891
67750,-67822.24038413266,-55138.602849480056,301.3613111025256,891
68000,-67949.35828753066,-55179.5569933473,303.40854900811604,891
68250,-67968.26957648451,-55363.38867261208,299.49006545670136,891
68500,-67727.88963799679,-54933.33305601252,303.9967309053062,891
68750,-67741.48206651374,-54920.76754190074,304.6182396692392,891
69000,-68052.39691830112,-55205.16513277835,305.24828578123083,892
69250,-67839.99743674498,-55128.70833990502,302.01830804145953,892
69500,-67497.91167260858,-54729.39526490716,303.37802029947414,892
69750,-67436.33963860001,-54306.49070104107,311.9632266051854,892
70000,-67859.62112672918,-55001.15971160086,305.51510008366387,891
70250,-67855.10131786187,-55168.23604348331,301.4380017106461,891
70500,-67827.29313142749,-55135.209647772484,301.56198557449113,891
70750,-68023.26462503965,-55332.530895146774,301.5299156290745,891
71000,-67987.47764354607,-55288.22239940392,301.7323855198863,891
71250,-67439.75840158667,-54959.022415251005,296.54040097650955,891
71500,-67672.11935840081,-54830.162935544155,305.12294396148405,892
71750,-67816.29630726762,-55178.94143679619,300.26164199570593,892
72000,-67562.83332046453,-54954.895823441504,299.56268964805463,892
72250,-67890.03649381426,-55110.805991017434,303.6325855798527,892
72500,-67943.12452048465,-55078.64793263917,305.6580196784252,892
72750,-67731.47650329163,-55124.171500475146,299.5476616812882,892
73000,-67850.43482006021,-55145.2261112617,301.87383894044837,892
73250,-67903.2496074764,-55402.39218565205,297.01848324301784,892
73500,-68088.12276324834,-55574.91681975796,297.31188225172355,892
73750,-67969.41183250444,-55076.50109427457,306.33361079465783,892
74000,-67692.36624626076,-55051.55194007332,300.34383766553674,892
74250,-67969.0560196247,-54802.038376061246,312.846349443007,892
74500,-67823.53612445039,-55055.79205841315,303.35966957824763,892
74750,-67818.19252366858,-54984.04789533565,304.9373369040998,892
75000,-67818.44221275917,-55202.036072200746,299.7639033386945,891
75250,-67824.45946960739,-55201.87406415312,299.9107217388243,891
75500,-67908.79972133716,-54846.3224114303,310.36248691321026,891
75750,-67993.8312632615,-54946.9096205543,309.9928866112814,891
76000,-67725.07743928948,-54569.86957198818,312.5657509436833,891
76250,-67460.1476787951,-54507.589839217544,307.7508169089522,891
76500,-67516.13387151022,-55044.66200230952,296.32028695335384,891
76750,-67900.04495249718,-55114.130316007475,303.79139958630526,891
77000,-67808.71161220688,-54999.451550279744,304.3460833667941,891
77250,-68042.97749947535,-55355.60484768718,301.45005692122476,891
77500,-67782.18389740831,-55189.46967349539,299.2009869794628,891
77750,-67684.10204009438,-55149.533974404505,297.819443046991,891
78000,-68248.75272632489,-55102.188480939425,312.3603797931665,891
78250,-67579.78103457275,-55012.65908951522,298.59291830130246,891
78500,-67724.80430067529,-55113.9884325614,299.63107931020096,891
78750,-67562.48839624703,-54591.548160414444,308.1875798660683,891
79000,-67879.01010577212,-54938.920447344135,307.454574809,891
79250,-67862.86375884042,-54992.29014099442,305.80288418986925,891
79500,-67908.50995034055,-55236.42013957893,301.08693892794014,891
79750,-67931.79415730876,-55006.68752930616,307.0985802702924,891
80000,-67721.638299593,-54761.74143828428,307.9251909562294,891
80250,-67773.50831528218,-55319.19005636813,295.9127197651553,890
80500,-67926.13582871051,-55289.98591876589,300.2330123156797,890
80750,-68066.40460886544,-55225.52588625945,305.0973379663877,890
81000,-68492.84991866816,-55588.40451604442,306.6076726775654,890
81250,-67901.67341573059,-55541.36329603696,293.6791005835623,890
81500,-68296.11592263047,-55699.87356142531,299.28481498836294,890
81750,-68107.24612294813,-55412.24034292577,301.63141889456904,890
82000,-68050.16342771082,-55456.06272611051,299.23392947979414,890
82250,-67938.16160561412,-55082.35790905834,305.4519530920085,890
82500,-67682.74736231373,-54888.42973961955,303.9910532686847,890
82750,-67601.19993519608,-54704.2795798094,306.42887869238,890
83000,-68170.17670160445,-55233.162508092646,307.3815022273484,890
83250,-68216.16764027678,-55756.33198441757,296.04381228279647,890
83500,-68475.67319058866,-55863.71441435261,299.65823463446986,890
83750,-68296.09014713537,-55690.22947617067,299.51334457475366,890
84000,-68471.40473436116,-55858.39542376484,299.6831951721157,890
84250,-68352.38881831698,-55796.672966165934,298.3219112575057,890
84500,-68205.73796437832,-55922.11567086063,291.8570094225019,890
84750,-67816.20352032804,-55575.53687575518,290.8363896949272,890
85000,-67863.40249357617,-55174.97724483104,301.4750664658562,890
85250,-67882.44537608401,-54957.70440677536,307.0898922749817,890
85500,-67976.60121900111,-55218.84681096615,303.1223168137266,890
85750,-68170.67463008949,-55184.28079392837,308.55475507456333,890
86000,-67978.84887358831,-55220.831874138734,303.1285559460558,889
86250,-67394.18861703476,-54924.89819945471,296.2684559925029,889
86500,-68030.77456652408,-55291.0778459952,302.6932688874165,890
86750,-67807.2684763695,-55389.25703711965,295.0500752165333,889
87000,-67400.54140217166,-54986.97250599443,294.9445210644741,890
87250,-68072.9478325877,-55468.37558065873,299.48273193316754,889
87500,-68428.14214362326,-55776.05442872294,300.6116921529443,890
87750,-67696.95391047129,-54973.12936428131,302.31614842368896,890
88000,-67671.06390256376,-54664.32714622503,309.0380997838103,890
88250,-68182.67263422097,-55552.20059375046,300.0981069950008,890
88500,-68004.8865105735,-55170.18989057926,304.95045214255697,890
88750,-67908.74475365755,-54973.907268188486,307.3297839731918,890
89000,-67694.7292630201,-55248.72367674415,295.71521191946516,890
89250,-67787.97051311808,-54826.88806350308,307.9533603552234,890
89500,-67944.91690911126,-55219.90249749116,302.34441944649905,890
89750,-68037.96628908423,-55402.38375860854,300.2195314652388,890
90000,-67999.04386842303,-55306.778766807576,301.56630078978577,889
90250,-68036.13733324519,-55203.338616487745,304.9053582484573,888
90500,-67567.90316882223,-55297.33035957598,291.5469556482192,888
90750,-67626.55692252418,-54800.828701188264,304.737364345718,888
91000,-67776.89785276918,-55124.15406643093,300.6272803111655,888
91250,-67653.74310939404,-55063.188811599684,299.14966746128863,888
91500,-67853.86767859012,-55023.70076332911,304.8428270426135,888
91750,-68220.23215247592,-55481.24568326218,302.67639342350003,888
92000,-67927.11338129704,-55313.69390642934,299.6929406132206,888
92250,-67879.57428003068,-54924.72403337492,307.80528415470724,888
92500,-67830.95713656937,-55283.56996154791,298.1240231475165,888
92750,-68128.89992048073,-55554.44129250385,298.7672367787644,888
93000,-67781.09107906756,-55114.1637313558,300.96427958601424,888
93250,-68101.39690148731,-55762.26625015581,293.1758796158685,888
93500,-67877.55436383537,-55361.57810161519,297.37770460609977,888
93750,-68253.19414943771,-55645.83343404863,299.54898540359375,888
94000,-68128.7268560424,-55631.84195523022,296.9240967440862,888
94250,-68439.63228768465,-55668.10592967953,303.44953626383375,888
94500,-68001.46021908871,-55586.28856065427,294.98260245349996,888
94750,-67935.07932119945,-55572.51618718018,293.7326318634691,888
95000,-68203.90314299846,-55896.52984913328,292.42132960156414,888
95250,-68331.13045929756,-55497.897184861475,304.91568327323256,888
95500,-67853.48030694138,-55484.67015041322,293.88106017424536,888
95750,-68394.48273990204,-55552.39272737823,305.1261180317878,888
96000,-67792.36781101214,-55030.66380540334,303.21615865522733,889
96250,-67878.14799127227,-55290.0041205656,299.0923960779432,889
96500,-67821.81756206288,-55263.88415987705,298.37459991122125,889
96750,-68141.51937885454,-55563.091848841286,298.8615372913778,889
97000,-68167.84681666456,-55650.12443389045,297.4191921665916,889
97250,-67899.39066230215,-55164.864965216606,302.57040615183536,889
97500,-67728.44225329685,-55128.13621330878,299.38136738215127,889
97750,-67672.12418276153,-55220.297603079,295.85351784315094,889
98000,-67944.51490600413,-55239.457082312496,301.87025393311035,889
98250,-67545.70754436468,-55030.032677476,297.37054349856925,889
98500,-67536.36450989003,-54822.890070199675,302.0702314573412,889
98750,-67848.9356080296,-55050.220908291405,304.0955271547746,889
99000,-67536.35896179103,-54786.54602717701,302.9336286053414,889
99250,-68252.34749116423,-55536.35284039425,302.13011129174475,889
99500,-67693.79625504755,-54836.130142836715,305.49620380652874,889
99750,-67691.64003459975,-54737.587709225336,307.7863256656426,889
100000,-67712.22373981471,-54705.77289746096,309.0313065107336,888
100250,-67778.59983635944,-54988.38595583569,303.8935489748627,887
100500,-67849.81777926697,-55096.769478245405,303.010500422264,887
100750,-68093.79166462424,-55450.14166658267,300.4112132754678,887
101000,-67595.75162493263,-55189.945763549185,294.760072530905,887
101250,-67844.44546626857,-55157.81938593066,301.43231849638664,887
101500,-67763.66042481724,-55177.86135598726,299.0366839396937,887
101750,-68039.07685124193,-55296.661238832836,302.75786934761794,887
102000,-67965.7817124293,-55459.86063949362,297.13879482821613,887
102250,-67803.19041877898,-55311.13968101429,296.8092377606049,887
102500,-67672.28056787944,-55046.0063997393,299.99836618280347,887
102750,-67708.95314595907,-54645.37785601907,310.3885747528736,887
103000,-67607.35807258333,-54962.82709827507,300.43214513843344,888
103250,-68504.41637860861,-55633.58440789225,305.8090226150272,888
103500,-68041.00090235402,-55404.31645139516,300.2457129293993,888
103750,-68296.27724246116,-55411.79677637195,306.1333088025583,888
104000,-68073.89857798693,-55474.22220896586,299.36640649512975,888
104250,-67590.86785238283,-54871.69475014182,302.20563081837656,888
104500,-68037.88694762177,-55445.187219475105,299.20064256224714,888
104750,-68027.84527553426,-55584.216071214236,295.6587494433055,888
105000,-68472.79782897758,-55668.14098231692,304.2367116676893,888
105250,-68105.7084111459,-55534.78978909488,298.683126772923,888
105500,-68161.60585440265,-55483.21905377903,301.2365544554751,889
105750,-67882.7347173802,-55238.38955830567,300.42773019655976,889
106000,-68033.80800685368,-54980.23906048236,310.15082554181646,889
106250,-67898.12858365261,-55119.69839332084,303.6135702766242,889
106500,-67859.01279283734,-54948.23449095106,306.75814140703096,889
106750,-67923.01583187416,-55148.44224580185,303.52193794222023,889
107000,-67692.33953139535,-54984.472868000856,301.93699153998523,889
107250,-67842.77438233513,-55188.12012106355,300.6726729068752,889
107500,-67944.26056852809,-55325.70555988804,299.81496011958217,889
107750,-67891.62762884592,-55069.02505030419,304.66309954526776,890
108000,-67689.65748156368,-54785.63222452934,306.59769008185276,890
108250,-67536.97421346942,-54908.60718258156,300.0480922854211,890
108500,-68137.88417853514,-55414.56809412694,302.3040674485915,890
108750,-67751.7910237888,-55089.46075994504,300.855053568011,890
109000,-68342.88728684932,-55649.42496042483,301.5947466703266,890
109250,-67966.39616020507,-55070.74865728681,306.39863591008077,890
109500,-67117.8382441625,-54248.46776638273,305.774297763711,890
109750,-67479.31260399567,-54499.83429841371,308.39044311306077,890
110000,-67493.54471222876,-54766.42609516118,302.39441504994875,889
110250,-67543.30311516766,-54712.81070913351,304.85056065419576,887
110500,-67348.86866406718,-54385.01046518813,308.01931173827273,887
110750,-67820.47964852379,-54988.746139393945,304.8800490761971,887
111000,-67954.77249018109,-55122.509750986996,304.89262350254756,887
111250,-68156.01570143388,-55503.42292759608,300.6236922769753,887
111500,-68233.31717110024,-55512.93844954175,302.2342761511695,887
111750,-68122.54279451806,-56001.00300996646,288.00595350298676,888
112000,-68501.20843867026,-56023.29719392398,296.4732855432139,888
112250,-68318.66064971592,-55809.869419869035,297.2069893226951,888
112500,-68143.24379554193,-55848.9450596766,292.1106800792836,888
112750,-68663.95466873248,-56200.50681598263,296.12963753505153,888
113000,-68392.45843998372,-55699.19666289474,301.5899816484214,888
113250,-67683.0180325812,-55472.59041905217,290.11791488697537,888
113500,-68268.63791927049,-55483.48296070035,303.7733497537372,888
113750,-67838.12670277891,-54935.06356982229,306.57483015916006,888
114000,-67772.27846983296,-55215.229421492084,298.3535877975068,888
114250,-67951.71904414124,-55215.45733117184,302.61165362689326,889
114500,-67769.2667747073,-55051.961442451924,302.1612528857708,889
114750,-68064.83931762248,-55332.22824499325,302.52491496408675,889
115000,-67778.14566103718,-55405.491162853315,293.97240115103745,889
115250,-68037.29421141854,-55312.679536062,302.33492177328407,889
115500,-67914.37988765072,-55278.250068710884,300.232534956442,889
115750,-67853.27952473529,-55059.36923029425,303.9813752109444,889
116000,-67513.68369748222,-54755.42335755995,303.1343376789139,889
116250,-67858.91050931282,-54982.08635296143,305.95139604019073,889
116500,-67394.24753691902,-54571.19082624087,304.67388965620177,889
116750,-67840.72519781638,-54948.49291992572,306.3174906795257,889
117000,-67518.51935284428,-54984.99482958793,297.79464863646797,889
117250,-67764.00914640026,-54919.85240708839,305.17522314795343,889
117500,-67741.35609030002,-54511.53257604991,314.33860743944973,889
117750,-68173.38612934947,-55437.066870280425,302.6130209135247,889
118000,-68525.10513016465,-55890.51854464825,300.1958679635109,889
118250,-68141.29742737988,-55528.45196411188,299.6793021843549,889
118500,-68074.83808394242,-55686.99589926982,294.333258286883,889
118750,-67846.94953073654,-55203.50843658997,300.40624975049184,889
119000,-68032.71176808904,-55448.13046666066,299.00774997025786,889
119250,-68218.68981444533,-55312.28224112664,306.654293556759,889
119500,-67829.78267266101,-55278.70162630838,298.21178897213605,889
119750,-68063.21105531324,-55597.08416752354,296.19329100274905,890
120000,-67928.73042862554,-55525.26417913864,294.70448370579965,889
120250,-68025.25038907514,-55286.81882410846,302.6632089824459,888
120500,-68154.00533628481,-55523.253058251634,300.1047653971409,888
120750,-67915.7597545606,-55411.330019266985,297.1033608712079,888
121000,-67750.92428811087,-55409.44153391739,293.23176522442486,888
121250,-68120.51234868227,-55409.14591326879,302.0201455942792,889
121500,-67685.0763861094,-54863.04481819732,304.6495324189971,889
121750,-67475.73315906624,-54949.24782462005,297.62739857408394,889
122000,-68461.99859387253,-55579.413346667425,306.0882786882728,889
122250,-68150.89115822251,-55438.68903283059,302.04000146187946,889
122500,-67862.21834170149,-55197.6496566367,300.90823811795786,889
122750,-68093.74229563517,-55195.68069227203,306.4559945718379,889
123000,-67966.49779815983,-55463.4371787362,297.0708308850346,889
123250,-67692.6017691475,-54655.2394565242,309.76575837307104,889
123500,-67750.76306078286,-55302.38948238717,295.77147505438506,889
123750,-67959.2128622643,-55056.84103078762,306.5584049404646,889
124000,-68059.02318980807,-55564.81026387084,296.8606110248399,889
124250,-67821.96709161875,-55074.07618461287,302.88796151982405,889
124500,-67879.87336325087,-54987.809995211195,306.3134774069913,889
124750,-68179.20758931275,-55495.11274969141,301.3721765994758,889
125000,-68035.89175178733,-55504.9861988271,297.73242229800485,889
125250,-68069.04721421096,-55213.742280293256,305.4401025670997,889
125500,-68340.89671460108,-55427.253885045066,306.82620215158335,889
125750,-67806.63572710933,-54980.847304983705,304.7387947073841,889
126000,-68115.66425008402,-55028.413819640235,310.9510925135134,889
126250,-67802.56827770837,-55189.655953731504,299.6808907846939,889
126500,-67800.49343461188,-55451.668161370035,293.40622236743025,889
126750,-68369.66331862565,-55868.16319019999,297.0337538547404,889
127000,-68511.38286287949,-55821.224267070706,301.51625053014925,889
127250,-68096.97736449866,-55607.25530632166,296.75390868550585,889
127500,-68406.7439180477,-55742.10995465302,300.90978912121125,889
127750,-68012.62658109842,-55577.81228509452,295.4493085538021,889
128000,-68380.3711496049,-55633.800534331356,302.8565915877834,889
128250,-67900.35302778822,-55123.46491730632,303.57693069242674,889
128500,-68034.67352620914,-55415.66052030824,299.82584206528844,889
128750,-68104.80797244847,-55601.0533669673,297.0873198888882,889
129000,-68446.24825846974,-55584.106521455105,305.6025439755214,889
129250,-68313.06827350706,-55325.58293542033,308.58068899537056,889
129500,-67704.2898103057,-54840.53033396811,305.6409812173657,889
129750,-67653.63114648178,-54904.49015124788,302.91766342721166,889
130000,-67602.65518536401,-54707.48606625368,306.38726958309655,888
130250,-67680.85824090044,-54628.64790676499,310.1185451204024,888
130500,-68501.37317711837,-55736.06575545878,303.3017752760544,888
130750,-68044.63948306668,-55379.70353121561,300.9169643212995,888
131000,-67735.94230303192,-55272.70520046144,296.12463014263784,888
131250,-68056.45024772809,-55300.20453130739,303.0864705289616,888
131500,-68057.24580817716,-55485.095499594114,298.71239145879457,888
131750,-67739.97942119057,-55065.3453852121,301.1473893346152,888
132000,-68010.31996950594,-55525.55875618075,296.6360397614981,888
132250,-68070.88603019156,-55569.7353438132,297.0254511645034,888
132500,-67593.05471983226,-55128.01044250559,296.1675683417491,888
132750,-67962.376084966,-55304.1449778321,300.75765822403963,888
133000,-68304.58693765866,-55649.10877935315,300.69224857589603,888
133250,-67898.81363550737,-55503.188754656585,294.51817397197425,888
133500,-68034.5304632354,-55666.83210269612,293.8546440695615,888
133750,-67953.68220145092,-55529.24510174291,295.2027479379888,888
134000,-67910.28953545372,-55285.02623395895,299.97434814406915,888
134250,-67709.53257007379,-55069.29739474942,300.330077603747,888
134500,-68343.81428538612,-55883.89269041782,296.04585418304157,888
134750,-67778.56388488866,-55334.68658221187,295.6646442227702,888
135000,-67603.93660115992,-54837.49310647865,303.328768199369,888
135250,-67650.02861383528,-54899.51368775702,302.9503078164486,888
135500,-67836.01666305691,-54939.27158695145,306.42471408314606,888
135750,-67773.90626443998,-55172.52278709371,299.4069671309626,888
136000,-67927.64864139078,-55155.33682252077,303.4681986952866,888
136250,-67696.12201935658,-54948.98740267148,302.8699921760912,888
136500,-67653.55069531617,-54752.25177519838,306.5329127287128,888
136750,-67427.10105584835,-54693.47451165406,302.5490424150172,888
137000,-67861.29927869479,-55296.05099191956,298.5484004636577,888
137250,-67965.58858736872,-55210.41130596667,303.06108467437787,888
137500,-68405.571881257,-55550.23049499374,305.44096866932136,888
137750,-67930.99319429498,-55142.9503835513,303.84196468497504,888
138000,-67579.86377510696,-54898.27861016209,301.3125471084191,888
138250,-68069.6623993073,-55130.21992398001,307.4391978363283,888
138500,-67841.15582231776,-54873.979985393526,308.0981383168727,888
138750,-68034.71227251686,-55171.757043261954,305.6218724282172,888
139000,-67825.84644866781,-55091.06505607627,302.57648143841783,888
139250,-67998.67884157761,-55360.84755765111,300.27296150740386,887
139500,-67470.04619304748,-55165.221073173045,292.36078537261807,887
139750,-68006.84954740957,-55244.9020411066,303.2219441949235,887
140000,-67484.02582209272,-54851.17356794694,300.15466051223297,887
140250,-68236.98943072627,-55423.61518280185,304.44383580436374,887
140500,-67880.3666986915,-54967.98187314242,306.7963121664852,887
140750,-67930.06461377343,-55238.265652846254,301.5552253574742,887
141000,-68233.46224004164,-55429.41997233304,304.22210936466223,887
141250,-68040.34783223702,-55159.1279384793,306.0558380966919,887
141500,-68141.03121582128,-55519.5976395997,299.8833544503171,887
141750,-68158.55075867224,-55775.92281016073,294.20936882365834,887
142000,-68387.2993770084,-55839.699406129366,298.1290791449352,887
142250,-68079.80597817246,-55600.91306325584,296.4966098781135,887
142500,-68337.63660580124,-55566.73668774584,303.43465214529425,887
142750,-67877.45052346302,-55269.7513689943,299.55702666498195,887
143000,-67865.40441718692,-55364.02980907861,297.0307715109685,887
143250,-67921.87170973775,-55387.753313743335,297.80875896297994,887
143500,-67835.1836595686,-54869.02949020796,308.0738636499537,887
143750,-67663.79518900922,-54880.52787502267,303.72849960368734,887
144000,-67899.31998818385,-54963.9526192678,307.34237392381755,887
144250,-67915.80773194984,-55107.931076476234,304.3132138385153,887
144500,-68210.45813106,-55614.730836066425,299.2725770930113,887
144750,-68473.16760009248,-55658.054046986275,304.48516143264317,887
145000,-68052.38791885157,-55445.74314809614,299.5319746672902,886
145250,-67867.02320126357,-55280.65248174948,299.0502662735618,886
145500,-67764.53570954176,-55115.57450486004,300.53740674262104,886
145750,-67855.33601453854,-55081.96847591316,303.4932824371361,886
146000,-67984.73209543043,-55392.01554643182,299.20104222314745,886
146250,-67908.10327199509,-55124.624945173506,303.73351323675996,886
146500,-68078.90617405553,-55374.44002244552,301.8561958938632,886
146750,-67693.04840967606,-54990.99637021206,301.79883695408876,886
147000,-67225.9531367785,-54914.85666119965,292.50979183644256,886
147250,-67853.82496586669,-55426.26200502127,295.277017926241,886
147500,-67732.86068592046,-55063.35233846877,301.0256037498006,886
147750,-67927.53767014283,-55272.87364699738,300.67290484752306,886
148000,-67998.40103737777,-55231.614242535725,303.33692495931035,886
148250,-67927.40824453981,-55333.952153615246,299.2186136275504,886
148500,-67824.7447388611,-55098.82815002336,302.3658550408555,885
148750,-67768.19318235747,-55106.39655356214,300.842374479902,885
149000,-67422.70722359646,-54728.10240252543,301.6218921704774,885
149250,-67750.60266446602,-54986.19218585489,303.2804640447669,886
149500,-67748.17655854806,-54948.85564963397,304.1099305931849,886
149750,-67720.6778292128,-55215.3997219897,297.1235180600486,886
150000,-68116.4969598921,-55261.38971642591,305.43540547184614,885
150250,-67710.8889960078,-54782.11021320376,307.18583011344725,885
150500,-67984.72955509758,-55179.98680394463,304.2387527454446,885
150750,-67724.33050037018,-54962.37184996746,303.22220897704966,885
151000,-67542.60710683756,-55094.80749165604,295.75783777515215,885
151250,-68047.2328942166,-55460.569863856945,299.0572115350793,885
151500,-68145.57688453305,-55454.21461674827,301.5448495944029,885
151750,-68188.06115471863,-55867.40033634205,292.73703917597624,885
152000,-68244.81450771779,-55903.334433808166,293.23170154128553,885
152250,-67828.65882743674,-55445.461298497044,294.22290196855846,885
152500,-67690.42681529705,-54951.338726017915,302.67880790089737,885
152750,-67713.09493625694,-54979.852270409174,302.5399215235144,885
153000,-67694.64581795788,-55148.30859247252,298.0990765052046,885
153250,-67582.7722194533,-54901.54059167858,301.3041471186818,886
153500,-67808.01470508549,-54915.56777718064,306.32259073142524,886
153750,-67995.13336262741,-55001.248155298934,308.7327489214217,886
154000,-68000.28484024742,-55494.97431497084,297.12428830810035,886
154250,-67644.43240084301,-54548.81284960837,311.1499415587827,886
154500,-68035.95029243425,-55047.360343997076,308.60693437037116,886
154750,-68083.48217147717,-55049.78286609636,309.67872587453434,886
155000,-67983.5296969486,-55458.39264548174,297.59536357424423,886
155250,-67826.00207666878,-54858.22828723921,308.1123455780384,886
155500,-67531.56891848892,-54576.710971315624,307.80546711784035,886
155750,-67640.19027372188,-55015.51376750617,299.9604059769138,886
156000,-68151.74686547217,-55480.11734860658,301.076002414529,886
156250,-67820.16463682044,-55322.608460483374,296.94004614911603,886
156500,-67991.54788888124,-55449.0145821303,298.0086959709137,887
156750,-68394.2142820463,-56051.56205427111,293.25955173999836,887
157000,-68058.30848299677,-55580.47159426531,296.47151885553814,887
157250,-67877.39878045575,-55380.65728100779,296.9206895493429,887
157500,-68033.83609676699,-55241.55451038445,303.9426773536008,887
157750,-68210.76633492624,-55548.754454403184,300.8474888284245,887
158000,-68333.05872054485,-55630.75968462037,301.8047055526643,887
158250,-68158.26511272351,-55173.22826102079,308.522513328896,887
158500,-67972.9028658474,-55356.35708288808,299.76722122103746,887
158750,-68186.48371691135,-55447.48337661306,302.6767229983728,887
159000,-68008.73332536017,-55474.99650911038,297.79969268591094,887
159250,-68365.5179088763,-55403.149796116864,307.9839075172487,887
159500,-68064.81733575038,-55432.44299653586,300.1433053256877,888
159750,-68079.53737963887,-55502.72763524589,298.82309894951595,888
160000,-67872.45033342042,-55262.08315155422,299.6204185927602,887
160250,-67979.85819658649,-55249.10101984523,302.48086667794496,887
160500,-68421.07708509458,-55805.058393769315,299.75469760346516,887
160750,-68280.76359246456,-55362.2963407159,306.9408296938255,887
161000,-67908.21556058375,-55191.33627414878,302.15113010146086,887
161250,-67622.47024930723,-54915.66246644978,301.91183269844043,887
161500,-67636.12544638035,-54700.87221959047,307.3396619241486,887
161750,-67597.38099627604,-54608.751086142496,308.60788385423797,887
162000,-67424.50137458951,-54493.13219022681,307.247377663026,888
162250,-67767.78967742744,-55071.04164706479,301.6728144993697,888
162500,-67899.43848596048,-55302.24461220886,299.30742278267644,888
162750,-67827.52080152486,-54844.772689453326,308.46813322112786,888
163000,-67613.11362672888,-55106.31171793968,297.15972335498594,888
163250,-67829.64302356332,-55001.47733464604,304.79527820710683,888
163500,-68135.64632448979,-55698.290444559476,295.50969620381574,888
163750,-68319.87574296206,-55556.38992341253,303.2584942851957,888
164000,-68107.0322658536,-55226.95331996679,306.02872934769636,888
164250,-67891.34401342814,-55255.54724055185,300.22462183230124,888
164500,-67862.04289426084,-54930.79460762243,307.2445051513666,888
164750,-67581.77915697609,-54647.65824737417,307.31275823887563,888
165000,-67649.81592432846,-54966.60699145374,301.3511275890524,888
165250,-67660.38148415071,-54815.708700124,305.1874842923946,888
165500,-68060.50019556505,-55346.810578112374,302.0753440484568,889
165750,-68011.27999286656,-55231.23338844883,303.65197603103803,889
166000,-67558.66195666674,-54822.64968752093,302.6057268793401,888
166250,-68024.56366628519,-55074.239221227064,307.69775179267583,889
166500,-67478.93029262975,-54947.47837953095,297.74540373233265,889
166750,-67522.770560076,-55176.56377069256,293.3440075866533,889
167000,-67630.01819074794,-54738.71233974665,306.29547891663356,889
167250,-67869.93135345588,-55270.99204222625,299.34889411338753,889
167500,-67687.11973759026,-55095.76256702893,299.1687435969037,889
167750,-67958.41377897572,-55332.5406412381,299.98883776104253,889
168000,-67743.45421227551,-55037.490476571664,301.8917782656212,889
168250,-68067.60884450382,-55105.92294283869,307.9676982847422,889
168500,-67871.33020806243,-55092.36957757757,303.62617345450275,889
168750,-67878.26234182843,-55567.429949343554,292.5035172620376,889
169000,-68053.22201687848,-55162.150350986165,306.2899147138338,889
169250,-67661.57904748985,-55086.93790359242,298.7715733294553,889
169500,-68078.96455745009,-55292.11554975138,303.81360010503124,889
169750,-67876.33678420802,-55115.97417146564,303.18428736342923,889
170000,-67855.2618345585,-55241.34539659234,299.70474838134044,889
170250,-68114.04177428759,-55215.48526773299,306.46775339687844,889
170500,-67966.21112170286,-55206.40490280272,303.1710675298184,889
170750,-67887.35432906682,-55175.01806124719,302.0431886656905,889
171000,-68578.140443496,-55990.97973118961,299.069036382925,889
171250,-68088.08587365178,-55658.36176982545,295.32836635688074,889
171500,-68136.98841024755,-55727.22384474246,294.8541307426055,889
171750,-68416.67476348474,-55725.775737745105,301.5338430334144,889
172000,-67771.49563668563,-55136.72596079938,300.20021816303057,889
172250,-67577.18334813084,-54791.85099468095,303.77756462927255,889
172500,-67669.58700730215,-54777.56508965284,306.31249255198026,889
172750,-67805.63447823841,-55346.486142667476,296.02748165661336,889
173000,-67933.40602308715,-55061.54250142112,305.83353210970586,889
173250,-67910.7325740967,-55341.332147905196,298.64705466872726,889
173500,-68060.30998627102,-55862.06378762267,289.8284863102367,889
173750,-67812.91114914569,-55428.648134598974,294.24821774556756,889
174000,-68041.91753188951,-55564.953740527504,296.4507741939804,890
174250,-67903.62857130275,-55114.62272396998,303.86484628880004,890
174500,-67669.41680077801,-55059.14208217722,299.61822167954693,890
174750,-68208.74590020388,-55309.8800875466,306.4751024631367,890
175000,-68251.26303387934,-55527.59911596213,302.3123319202017,890
175250,-67694.77099721332,-55112.085358216544,298.96270931735086,890
175500,-67558.44250315678,-54820.95429268089,302.6407950223021,890
175750,-67747.69250347605,-55020.88561205845,302.38700849561235,890
176000,-67673.62606940948,-55021.56103956158,300.6111531595269,890
176250,-68025.52287652617,-55380.90137731278,300.4342959964994,890
176500,-67879.66694877448,-55430.50863065047,295.7901203517419,890
176750,-68495.24824893946,-55915.634958402195,298.88971078223886,890
177000,-68295.54256858357,-56066.19971244811,290.567338192878,890
177250,-68358.77110988332,-55655.90298473288,301.81822702667364,890
177500,-68300.65644381655,-55669.21911978623,300.1210419865106,890
177750,-67910.67533962033,-55097.37710973038,304.4420296273521,890
178000,-67595.66037499643,-54845.842816819146,302.9337384605058,890
178250,-67846.5963422244,-55084.76719769824,303.219131936993,890
178500,-67828.27494605636,-54957.99654295767,305.7958699320852,890
178750,-67726.56265372544,-54779.00021947402,307.6321268332969,891
179000,-67618.04075826477,-54817.750035055506,304.1329732342825,891
179250,-68026.90261760645,-55422.700449735974,299.473938791864,891
179500,-67694.94351883227,-55400.24036090885,292.1202890862684,891
179750,-68517.13759843272,-55670.088913599146,305.2439353365251,891
180000,-68637.01212212065,-55687.8689128758,307.669685808258,891
180250,-68306.83205945179,-55593.90545042994,302.0572150834442,890
180500,-68736.119057893,-55880.538665377244,305.4466474217625,890
180750,-67857.79419057211,-55061.92583409278,304.02789846907655,890
181000,-67833.69542843977,-54948.41074798562,306.15241681433827,890
181250,-67932.97667843977,-55373.58483284188,298.4092523062954,890
181500,-67739.21331787732,-55210.391429707466,297.6829147374639,890
181750,-67517.00938291679,-54533.80809390935,308.4789006366419,890
182000,-67636.72642761096,-54663.480933269486,308.24235245987444,890
182250,-67898.25842811045,-55113.724602595146,303.75859172621836,890
182500,-68061.06958535168,-55005.73840056153,310.1926960603426,891
182750,-68291.42450589628,-55236.29685134941,310.1878602125193,890
183000,-67610.9983805836,-55260.50893804559,293.4457627784217,891
183250,-68270.28669664304,-55425.832287968544,305.18229572702637,891
183500,-68207.56544543104,-55347.21242139308,305.56004442550164,891
183750,-68240.17437856225,-55534.03633650043,301.895919758346,891
184000,-68162.52819509193,-55571.72818627785,299.1555055179861,891
184250,-68449.03542105615,-56005.59440400725,295.65427814218197,891
184500,-68147.14883386617,-55654.39663773758,296.8259043053287,891
184750,-67987.33957053628,-55489.71393530606,296.9416964819208,891
185000,-68110.15582722478,-55580.85690580524,297.6942489753883,891
185250,-68343.73674081085,-55891.67396363901,295.85912985980343,891
185500,-67872.13812785014,-54972.62097263243,306.490578263943,891
185750,-67603.87211779988,-54584.001458210114,309.3501593402909,891
186000,-67287.65953075938,-54733.883257570735,298.2758271544637,891
186250,-67340.12319414143,-54473.24716151424,305.7150301238403,891
186500,-68185.3618002432,-54995.9880405693,313.3775273833889,891
186750,-67872.27717386693,-54913.610358925944,307.8959652404136,891
187000,-67778.50954991364,-55274.22551904543,297.09989895607873,891
187250,-68077.12558109837,-55400.88432626054,301.1855766118347,891
187500,-68097.02966010728,-55447.345056360995,300.55459459507665,891
187750,-68341.33273669891,-55665.07663015835,301.1859294860471,891
188000,-68169.12706649059,-55566.209095224855,299.44342647459996,892
188250,-67735.17197585758,-55105.694493187126,300.0744764519666,892
188500,-68102.74471883976,-55557.1982230515,298.0802888870948,892
188750,-68177.2334570653,-55375.114858429064,304.1764032782031,892
189000,-67549.75198138971,-54745.38733389275,304.22976905971626,892
189250,-67886.13776257838,-55243.24837779085,300.3931412194939,892
189500,-67985.35533210775,-55291.30234224221,301.6087807444263,892
189750,-68220.95907278504,-55921.20254377666,292.2403564195939,892
190000,-67968.14172008785,-55625.87550160487,293.25038021754824,892
190250,-68238.56706998387,-55439.620352200174,304.10103986847366,891
190500,-67945.91795102629,-55432.272549049754,297.32232371894474,891
190750,-68197.45685898868,-55551.92732472002,300.4558707721925,891
191000,-67764.87542542536,-55191.945833183825,298.73090712075674,891
191250,-68123.14937949309,-55150.00590683508,308.23992844009234,891
191500,-67902.57560723956,-55219.52218515688,301.3474326761339,891
191750,-67805.09702746128,-55130.725761845475,301.14114595050745,891
192000,-68306.88306848146,-55438.63833314879,305.7475502932875,891
192250,-68307.97091049084,-55739.85886969243,298.61644282648496,891
192500,-68468.47593746998,-55841.09223020321,300.02472866478126,892
192750,-68361.05623693747,-55834.936580781185,297.6187101131762,892
193000,-68431.96399338276,-55891.284781015594,297.96464296854157,892
193250,-68336.75563982641,-55731.07814223552,299.50899240307274,892
193500,-68448.07973108458,-55825.22549320775,299.9171091565589,892
193750,-68027.21085380373,-55222.63413410942,304.23480786307744,892
194000,-68188.99146802031,-55496.08534812281,301.5815312872979,892
194250,-67709.54438226816,-55006.65092545288,301.818828903202,892
194500,-67951.02549449581,-55167.65068673802,303.7310536394478,892
194750,-68049.44169548556,-55578.771922807035,296.30122926119765,892
195000,-67927.58042228542,-55581.50617710472,293.3408583564262,892
195250,-68305.22697246308,-55693.904056238476,299.64312669668755,892
195500,-67968.95993901032,-55534.086412310484,295.45071586618695,892
195750,-67822.74313980463,-55072.297421737865,302.948663444554,892
196000,-67899.1413236236,-55127.07795810595,303.46229548118004,892
196250,-68343.89829671511,-55626.72335658816,302.1581547885039,892
196500,-68386.12711175933,-55645.24565493112,302.72141804285405,892
196750,-67801.02463485615,-55112.96199532796,301.4664509256582,892
197000,-67763.40162348532,-54986.223248359456,303.5838273365032,892
197250,-67542.55348780577,-54926.5775020162,299.7536829263904,892
197500,-67889.83843276807,-55292.207336993015,299.3178111118813,892
197750,-68028.41330760514,-55322.21891083458,301.8972587377094,892
198000,-67727.14243198605,-55046.72833517508,301.28472270652657,892
198250,-68048.73066352564,-55687.82102864026,293.69334497392083,892
198500,-67528.66301229515,-55009.222225133446,297.4600211951596,892
198750,-68153.96593816247,-55630.263450628554,297.56127855198537,892
199000,-68176.32221057854,-55871.37861001055,292.3636004559923,892
199250,-68273.0839096607,-55404.51176024752,305.75532960236217,892
199500,-67661.73015612154,-54951.53308519139,301.99236167086684,892
199750,-67752.4783823255,-54912.55491958675,305.07464113629857,892
200000,-67780.600165857,-55134.94260308135,300.4589127101713,891
200250,-67781.83479449165,-54903.63438457879,305.98409561683496,891
200500,-67945.62278586288,-55354.16107502894,299.1712274579832,891
200750,-68200.54300106835,-55479.002077406796,302.26188989750915,891
201000,-68261.54321938974,-55863.441427422105,294.577025005806,891
201250,-68018.6096272755,-55682.79457574966,293.0971014655311,891
201500,-67945.51663039636,-55569.81769288762,294.04473656932817,891
201750,-67950.01771831175,-55482.51111998258,296.22607271666845,891
202000,-68282.01577217143,-55368.856613111915,306.8147102136777,891
202250,-67887.22561370075,-55297.70639101394,299.1250742331514,891
202500,-68269.30527838401,-55409.090898379334,305.55675026422233,891
202750,-67822.48704045423,-55298.30880324141,297.57258229246213,891
203000,-67577.67117240332,-55040.65102990816,297.8777040213328,891
203250,-68160.02391122712,-55317.24044264143,305.1425944430248,891
203500,-68059.55338002404,-55747.24216274067,292.53865391577307,891
203750,-68135.81918866839,-55646.45007018722,296.7455228916686,891
204000,-68412.92452054791,-55820.20854183525,299.2010286732395,891
204250,-68018.20283865795,-55722.436107469315,292.14555942632524,891
204500,-67834.01686873462,-55340.28225927509,296.8492462976117,891
204750,-67803.37256907637,-55045.23952061415,303.131313253059,891
205000,-67720.69613001205,-54978.37922356103,302.7555241089702,891
205250,-67550.67366112844,-55024.66961630253,297.6159632054374,892
205500,-67278.92460262898,-54724.12823825987,298.3000643667576,892
205750,-68002.61168350925,-55337.13875249581,300.9297228650504,892
206000,-67904.52729337488,-55206.26266806538,301.7088485661227,892
206250,-67699.95855049952,-55059.804632587126,300.3281469399178,892
206500,-67703.05434786057,-55145.80414845416,298.3583671164263,892
206750,-67516.04039207974,-54520.04119113658,308.78297709024486,892
207000,-67564.64462883904,-54540.22178582492,309.4583185305385,892
207250,-67488.02731011069,-54712.77014636906,303.5381796443426,892
207500,-67320.38886213058,-55191.20111712685,288.1876678875879,892
207750,-67910.68287975108,-55320.689455201384,299.1363411977534,892
208000,-67786.08618427318,-55285.748265106755,297.0061399383714,892
208250,-67696.96388686408,-55314.531080339104,294.2047322795476,892
208500,-68247.6962740731,-55233.42071699933,309.217220550029,892
208750,-67607.98931486014,-54813.55975507334,303.9937128770896,892
209000,-67481.39082667563,-54761.3380466167,302.22653183039563,892
209250,-67838.1655051724,-55024.16446819686,304.4587282174992,892
209500,-67912.05713106913,-55176.35186332918,302.59843257233024,892
209750,-68077.63779757434,-55210.46339786827,305.722119280546,892
210000,-67943.73740907758,-55089.980419794796,305.40332363649566,891
210250,-68080.92076948413,-55338.331158397545,302.7620035299009,891
210500,-68282.57578252477,-55571.25769828318,302.01899677774173,891
210750,-68135.56902172539,-55407.21694401943,302.42372188831905,891
211000,-68029.80378470814,-55344.327148392214,301.40500788012554,891
211250,-67703.2951687508,-55045.83243745391,300.73940173026733,891
211500,-68045.75969025632,-55218.42049250426,304.77564090191885,891
211750,-68218.28030321276,-55786.0668049184,295.3875139932496,891
212000,-67708.90334992728,-54908.570788161946,304.13396731205194,891
212250,-67825.35280612181,-55234.09577251575,299.166364357979,891
212500,-68191.2284622768,-55620.86135275551,298.67002291856005,891
212750,-67962.95520777645,-55456.18874329276,297.15888120364326,891
213000,-67993.86336175777,-55527.06851622468,296.209161577792,891
213250,-68078.45584525814,-55391.78461490566,301.4333912539099,891
213500,-67632.5715654827,-55360.46978318127,291.58328381695577,891
213750,-67938.73086386017,-55190.747133720026,302.89016698346705,891
214000,-67810.7233920311,-55282.69186672423,297.6641358352771,891
214250,-67573.13560139865,-54947.32508354832,299.98734992198337,891
214500,-67492.35836136289,-54770.74640144844,302.263577708143,891
214750,-67258.48603887588,-54513.42260581686,302.82078116612803,891
215000,-67864.42326783272,-55127.30338079971,302.63204371295956,891
215250,-67796.28347869555,-55177.8406204629,299.8122954428503,891
215500,-68078.60173384723,-55662.07125896186,295.01488772703294,891
215750,-68189.29240950057,-55840.06913661887,293.4156787787285,892
216000,-68441.89711606782,-55947.8566648697,296.8565130511026,892
216250,-68170.28566480387,-55858.30840878369,292.5307190466273,892
216500,-67885.52283838118,-55068.71831224841,304.5253386962185,892
216750,-67905.35699795233,-55107.31915753614,304.07944507956915,892
217000,-67749.72733908234,-55089.32260569668,300.809303255308,892
217250,-68369.93936000578,-55488.57424074644,306.0592886326642,892
217500,-67928.24082212098,-55507.027086324466,295.12616129855854,892
217750,-67948.11719991744,-55351.00976339041,299.30536904728245,892
218000,-68096.24909088935,-55735.266292575165,293.69508332593307,892
218250,-68228.90375786612,-55712.98973370425,297.3762258392396,892
218500,-68090.3163067862,-55381.96442276816,301.9485203086754,892
218750,-68440.17591702315,-55940.06926401105,297.000645089493,892
219000,-68160.43319265445,-55697.3472736142,296.12103804480626,892
219250,-68318.17050486605,-55600.1507863662,302.1782265949833,892
219500,-68082.91863192542,-55338.54414700711,302.8044118624168,892
219750,-68075.40051922685,-55467.1313926423,299.5705691163213,892
220000,-67809.04593885178,-55191.12996264058,299.79977680564167,892
220250,-67592.72459366749,-54909.51012483047,301.3512591226799,892
220500,-67652.35594012262,-55042.15612462582,299.6164419931153,891
220750,-68028.38157458708,-55350.763634784846,301.2182864385475,891
221000,-68045.08195592323,-55697.48391815601,293.37706343801005,891
221250,-68183.72487036092,-55456.4376057483,302.3984220901333,892
221500,-67851.140786879,-54832.88162938191,309.31187029409506,892
221750,-67694.53306961042,-55205.21404298401,296.7443327167692,892
222000,-67503.41761469544,-55059.47455138975,295.66620668537536,892
222250,-67987.57673487841,-55285.57534581242,301.7976335082861,892
222500,-67656.36749357957,-55012.251347939426,300.42228887196694,892
222750,-67463.05259736051,-54694.027749437664,303.390100762301,892
223000,-67341.84139593324,-54698.21590477979,300.4106309955095,892
223250,-67494.83721008775,-54816.5849800228,301.23335707933705,892
223500,-67726.82331222307,-55234.39481982503,296.81821315360816,892
223750,-68050.67665127164,-55245.33016910462,304.2530973031045,892
224000,-67819.17420523486,-55401.49159953988,295.0422621809621,892
224250,-68570.99941685318,-55989.67695019848,298.9303205485026,892
224500,-68103.97677601018,-55653.437875500706,295.82292278059026,892
224750,-68133.43866337906,-55431.95705064875,301.78528370109757,892
225000,-68072.66444091062,-55272.61000585582,304.1273590634396,892
225250,-67824.86338460085,-55218.646531012026,299.5218074200773,892
225500,-67956.02193213621,-55502.44154447591,295.8951880556716,892
225750,-68096.43928281765,-55422.28554714145,301.1359774720151,892
226000,-67721.27315978688,-55036.38860007032,301.39094022959785,892
226250,-68089.66299366712,-55421.356564491,300.99704635320427,892
226500,-67931.47279523208,-55143.221843441366,303.846910084799,892
226750,-68010.31896614283,-54995.64063786727,309.226790332918,892
227000,-68065.32352930674,-55283.62090001156,303.69132293187175,892
227250,-67543.40165388072,-54765.3876600177,303.6036815114213,892
227500,-67740.77847965766,-55310.813302418974,295.33409422472783,892
227750,-67877.56939732376,-55325.57141671376,298.23357519152637,892
228000,-67695.78589535819,-55421.19502543134,291.64242416279046,892
228250,-68098.4079450295,-55364.402651007345,302.55804145369126,892
228500,-67468.10489187302,-55222.03105778509,290.96486370068374,892
228750,-68196.48765267537,-55797.86414935638,294.58942078867426,892
229000,-67837.00488452392,-55222.95314112317,299.707963218019,892
229250,-68415.38473216124,-55880.48698807141,297.8272761559537,891
229500,-68263.79610249726,-55822.270082301926,295.608778106331,891
229750,-68200.35740737786,-55575.13415071397,299.9733966849389,891
230000,-68161.9174812684,-55454.36189706542,301.9296003454045,891
230250,-68289.56498968008,-55553.48997480178,302.60721770846203,890
230500,-68238.63569805183,-55762.01515664946,296.44261862681054,890
230750,-68396.89178180927,-55525.107776689576,305.8316428085813,890
231000,-68204.55638138321,-55697.98548271018,297.1542345895354,890
231250,-67975.25997393264,-55420.17627470591,298.3068913995534,890
231500,-68009.25233055552,-55513.0089397353,296.9088545636208,890
231750,-67752.37313693378,-55176.81734002882,298.7933053466939,890
232000,-67759.34931729967,-55037.505167977535,302.2690944933818,890
232250,-67748.34203117446,-55099.52449059463,300.53399330527014,890
232500,-68129.93863066047,-55319.109654836066,304.3833605239027,890
232750,-68222.93353544659,-55605.67202769889,299.7842267338506,890
233000,-67924.88322951691,-55096.80122528644,304.7932898715946,890
233250,-67733.31969717576,-55120.78899507958,299.6718235064785,890
233500,-68069.74917927297,-55394.49644158647,301.1620895937014,890
233750,-67846.8820480213,-55326.96332755941,297.47137681814803,890
234000,-68060.65819839598,-55563.42200517596,296.93244339860996,890
234250,-67833.54882557894,-55039.94109754969,303.97418627872344,890
234500,-67759.9232255827,-55305.9332366687,295.9049201195613,890
234750,-68160.41285846796,-55460.76401364867,301.7417374124952,890
235000,-67852.93184098479,-55157.487135918986,301.64184768727205,890
235250,-67782.86549837468,-54914.032071354275,305.7615375188264,890
235500,-68030.22902692691,-55140.95096712059,306.2472989042761,890
235750,-67833.53615188779,-55123.845706663036,301.9803243206666,890
236000,-67683.85005606024,-54890.4910296608,303.96827716558226,890
236250,-67820.29825002595,-55318.9314421321,297.03058617905174,890
236500,-68188.80252018996,-55497.968841860595,301.5322903888215,890
236750,-68049.49051959527,-55093.47981447092,307.8328564725555,890
237000,-67670.49201134231,-55144.781442170846,297.6089902682372,890
237250,-68014.90395053377,-55236.64045061817,303.60960973752594,890
237500,-68140.75424802245,-55630.67271253734,297.2376467896714,889
237750,-68224.47804952128,-55666.93639768794,298.36529198204653,889
238000,-68219.99486273021,-55308.56939640554,306.77351793628907,889
238250,-68333.13096909801,-55780.83601836086,298.24063115687005,889
238500,-68164.42018502188,-55836.48331451492,292.90991707505464,889
238750,-67973.6903433479,-55490.58847578586,296.5966139569219,889
239000,-67886.20487367612,-55261.64988109324,299.95751883136074,889
239250,-67934.8155853611,-55165.15590867214,303.40518419784996,889
239500,-67748.52672874858,-55242.556173130404,297.13997052927436,889
239750,-67871.65822808206,-55295.18037669029,298.815213221962,889
240000,-68118.664542138,-55528.59792388778,299.1380802690169,888
240250,-68285.22585022362,-55634.25862231717,300.5850695512953,888
240500,-68404.3462066687,-55701.722374195175,301.81242266958714,888
240750,-68294.72115778079,-55811.47466481541,296.60005023464976,888
241000,-68079.40310507733,-55378.805842624046,301.76427167215655,888
241250,-68216.07219834562,-55593.7369162094,299.9047788465854,888
241500,-68191.5265103759,-55543.97907948028,300.50381569110937,888
241750,-68277.28097084502,-55740.443870034185,297.8733549785739,888
242000,-67676.80477776012,-55137.65492021345,297.9283057291191,888
242250,-67719.28102751239,-55024.37715537305,301.6289975786687,888
242500,-67702.81327050255,-54904.92226955952,304.07595619587676,887
242750,-67576.78475366707,-54626.77951551683,307.6901674847824,887
243000,-67774.56196996354,-54733.973647557024,309.84240787801343,887
243250,-67633.52926559013,-55045.1307411358,299.0984466125049,887
243500,-67835.8596462842,-55017.60635979351,304.55976102338946,887
243750,-67669.8926147212,-54755.14362453099,306.8524843610915,887
244000,-68113.88551566564,-55415.91832678439,301.70178152153517,887
244250,-68141.73906470067,-55633.085995553294,297.2037066453532,887
244500,-67852.0034736523,-55360.37810546748,296.79913104366807,887
244750,-67676.84063648991,-54985.044355980586,301.55516167115127,887
245000,-68086.31540298054,-55277.3935497707,304.3380475787805,887
245250,-68161.2319671312,-55449.94857571699,302.0181724814059,887
245500,-68192.652328867,-55169.34761042602,309.43175205964894,887
245750,-67748.7447178156,-55180.784305771056,298.61284015020686,887
246000,-67864.86906157131,-55095.85443482292,303.38985790874057,886
246250,-68152.89508465538,-55580.211079139495,298.72507201726773,886
246500,-68101.40391239489,-55449.7322908371,300.6018058380048,886
246750,-68086.3142349553,-55304.38397994364,303.696731284497,886
247000,-67846.06273377739,-55135.85880454589,301.99252462307055,886
247250,-68206.41845727252,-55354.170824806264,305.3674615466252,886
247500,-68338.67362077901,-55550.71902567096,303.83986869480356,886
247750,-68200.42706729786,-55599.688503381214,299.3916440853324,886
248000,-68102.11312577105,-55604.4449314744,296.94270767890794,886
248250,-68267.33733346575,-55727.42679087754,297.9463794907533,886
248500,-68020.07616495359,-55366.64572748466,300.6435950382653,886
248750,-68050.58181628474,-55220.66186267097,304.83695927119544,886
249000,-68111.6808106986,-55676.28779965566,295.46305873567565,886
249250,-68111.3299954859,-55486.1372102481,299.9726726884599,886
249500,-68002.12811271066,-55046.3352075069,307.82768157935567,886
249750,-67948.47600981832,-55331.828673825425,299.76963410576866,886
250000,-67604.96972259838,-55184.97422037978,295.097216252844,886
